id	kind	statement	rocq-obligation	tla-obligation	smt-obligation	exhaustive-oracle	required-red-test	causal-mutant	acceptance-state
DR-TYPE-001	safety	Every protocol input state event receipt cursor and phase remains in its declared finite domain	machine_account_valid	TypeOK	Q18_NATIVE_STACK_BOUND_IS_CONSTANT	oracle_protocol_state_is_typed	prop_durable_protocol_state_is_typed	mutant_unchecked_state_discriminant	accepted@086bfb5d6a240ccc7c4e5f3bbaae1e7ed9a4cea1
DR-KEY-001	safety	Distinct caller task keys cannot map to one dense task identifier	valid_key_map_has_no_dense_alias	not-applicable	Q01_KEY_MAP_HAS_NO_ALIAS	oracle_key_map_injective	prop_external_keys_have_no_dense_alias	mutant_dense_alias	accepted@086bfb5d6a240ccc7c4e5f3bbaae1e7ed9a4cea1
DR-KEY-002	functional	Every active dense identifier has exactly one key and both mapping directions round-trip	valid_key_map_has_no_dense_orphan; valid_key_map_dense_round_trip	not-applicable	Q02_KEY_MAP_HAS_NO_ORPHAN	oracle_key_map_bijection	prop_external_key_dense_round_trip	mutant_dense_orphan	accepted@086bfb5d6a240ccc7c4e5f3bbaae1e7ed9a4cea1
DR-PLAN-001	safety	Plan identity binds canonical keys dependencies effects costs budget task semantics and schema profile	equal_plan_identity_binds_dependencies; equal_plan_identity_binds_effects; equal_plan_identity_binds_costs_and_budget; equal_plan_identity_binds_semantics	InputsAreImmutable	Q03_PLAN_IDENTITY_BINDS_DEPENDENCIES; Q04_PLAN_IDENTITY_BINDS_SEMANTICS	oracle_structural_plan_identity	prop_plan_identity_binds_every_semantic_field	mutant_omit_dependency_from_plan_identity	accepted@086bfb5d6a240ccc7c4e5f3bbaae1e7ed9a4cea1
DR-PLAN-002	temporal	Validated plan and checkpoint inputs are immutable throughout execution	not-applicable	InputsAreImmutable	not-applicable	oracle_input_snapshot_immutability	prop_durable_inputs_are_immutable	mutant_mutable_plan_after_validation	accepted@086bfb5d6a240ccc7c4e5f3bbaae1e7ed9a4cea1
DR-JOURNAL-001	safety	Every journal event has the exact one-based ordinal and canonical plan identity	journal_trace_ordinals_are_exact	CommittedJournalIsCanonical	Q06_MALFORMED_ORDINAL_IS_NOT_CANONICAL	oracle_canonical_journal_ordinals	prop_journal_ordinals_are_exact	mutant_shift_event_ordinal	accepted@086bfb5d6a240ccc7c4e5f3bbaae1e7ed9a4cea1
DR-JOURNAL-002	safety	Journal event identifiers are unique within one plan	journal_trace_has_unique_event_ids	EventIdsAreExactlyOnce	Q05_EVENT_IDS_ARE_UNIQUE	oracle_unique_event_ids	prop_journal_event_ids_are_unique	mutant_duplicate_event_id	accepted@086bfb5d6a240ccc7c4e5f3bbaae1e7ed9a4cea1
DR-JOURNAL-003	resource	An open journal contains at most one event per task and a terminal journal at most one additional event	open_journal_is_bounded_by_plan	TypeOK	not-applicable	oracle_journal_length_bound	prop_journal_length_is_bounded	mutant_append_after_terminal	accepted@086bfb5d6a240ccc7c4e5f3bbaae1e7ed9a4cea1
DR-JOURNAL-004	safety	A terminal journal ends in exactly one typed terminal event	terminal_journal_ends_with_terminal_event	TerminalOutcomeIsExact	Q15_FAILURE_HAS_EXACT_TERMINAL_PHASE; Q20_CANCELLATION_CANNOT_SELF_PROMOTE_TO_COMPLETION; Q21_INCOMPLETE_CANNOT_SELF_PROMOTE_TO_COMPLETION	oracle_terminal_event_exactness	prop_terminal_reason_matches_last_event	mutant_terminal_reason_promotion	accepted@086bfb5d6a240ccc7c4e5f3bbaae1e7ed9a4cea1
DR-JOURNAL-005	temporal	Durable journal contents are append-only and never rewritten	not-applicable	JournalOnlyGrows	not-applicable	oracle_journal_prefix_monotonicity	prop_journal_only_grows	mutant_rewrite_committed_event	accepted@086bfb5d6a240ccc7c4e5f3bbaae1e7ed9a4cea1
DR-CHECKPOINT-001	safety	An accepted checkpoint is bound to the active structural plan identity	accepted_checkpoint_binds_plan	CheckpointCursorMatchesPrefix	Q10_STALE_PLAN_IS_REJECTED	oracle_checkpoint_plan_binding	prop_checkpoint_acceptance_binds_plan	mutant_accept_foreign_plan	accepted@086bfb5d6a240ccc7c4e5f3bbaae1e7ed9a4cea1
DR-CHECKPOINT-002	safety	A stale plan identity is rejected before task effects	stale_checkpoint_is_rejected	InvalidInputHasNoEffects	Q10_STALE_PLAN_IS_REJECTED	oracle_stale_checkpoint_rejection	prop_stale_checkpoint_is_rejected	mutant_ignore_plan_mismatch	accepted@086bfb5d6a240ccc7c4e5f3bbaae1e7ed9a4cea1
DR-CHECKPOINT-003	safety	Corrupt shape cursor count or event identifiers are rejected before task effects	corrupt_checkpoint_is_rejected; malformed_checkpoint_cursor_is_rejected; malformed_checkpoint_event_count_is_rejected; accepted_checkpoint_has_exact_event_ids	InvalidInputHasNoEffects	Q06_MALFORMED_ORDINAL_IS_NOT_CANONICAL	oracle_malformed_checkpoint_matrix	prop_malformed_checkpoint_is_rejected	mutant_trust_checkpoint_cursor	accepted@086bfb5d6a240ccc7c4e5f3bbaae1e7ed9a4cea1
DR-CHECKPOINT-004	safety	The zero-based next-task cursor equals the length of the committed success prefix	accepted_checkpoint_cursor_is_success_prefix	CheckpointCursorMatchesPrefix	not-applicable	oracle_checkpoint_cursor_prefix	prop_checkpoint_cursor_matches_prefix	mutant_skip_resume_task	accepted@086bfb5d6a240ccc7c4e5f3bbaae1e7ed9a4cea1
DR-REJECT-001	safety	Invalid checkpoints and unsafe recovery publish no task effects or invented events	unsafe_in_flight_task_is_rejected	InvalidInputHasNoEffects; RecoveryNeverInventsAnEvent	Q11_UNSAFE_PREJOURNAL_REPLAY_IS_REJECTED	oracle_rejection_is_effect_free	prop_rejection_has_no_observable_effects	mutant_execute_before_validation	accepted@086bfb5d6a240ccc7c4e5f3bbaae1e7ed9a4cea1
DR-PUBLISH-001	safety	A canonical journal append durably precedes logical publication	publish_events_adds_only_journal_ids	JournalPrecedesPublication	Q07_PUBLICATION_REQUIRES_DURABLE_APPEND	oracle_journal_before_publish	prop_publication_requires_durable_event	mutant_publish_before_append	accepted@086bfb5d6a240ccc7c4e5f3bbaae1e7ed9a4cea1
DR-PUBLISH-002	algebraic	Publishing the same plan-and-ordinal event identifier more than once is idempotent	insert_once_contains_identifier; insert_once_preserves_membership; insert_once_adds_only_identifier; insert_once_preserves_no_duplicates	EventIdsAreExactlyOnce	Q08_PUBLICATION_INSERT_IS_IDEMPOTENT	oracle_idempotent_receipt_set	prop_duplicate_publish_is_idempotent	mutant_multiset_receipts	accepted@086bfb5d6a240ccc7c4e5f3bbaae1e7ed9a4cea1
DR-PUBLISH-003	safety	Publication receipts form a canonical contiguous prefix of the journal	publish_events_preserves_no_duplicates	ReceiptsAreCanonicalPrefix	Q09_RECEIPTS_FORM_A_PREFIX	oracle_receipt_prefix	prop_receipts_form_canonical_prefix	mutant_publish_out_of_order	accepted@086bfb5d6a240ccc7c4e5f3bbaae1e7ed9a4cea1
DR-PUBLISH-004	safety	Every receipt references a durable event and recovery never invents an event	recovery_publication_is_exactly_once; recovery_never_invents_an_event	PublishedEventsAreDurable; RecoveryNeverInventsAnEvent	Q07_PUBLICATION_REQUIRES_DURABLE_APPEND	oracle_receipt_membership	prop_receipts_reference_only_durable_events	mutant_fabricate_recovery_event	accepted@086bfb5d6a240ccc7c4e5f3bbaae1e7ed9a4cea1
DR-PUBLISH-005	liveness	Every validated durable event is eventually published exactly once logically	recovery_publishes_every_durable_event	EveryDurableEventEventuallyPublished	Q19_LAGGING_RECEIPT_RESUME_HAS_WITNESS	oracle_lagging_publication_recovery	prop_every_durable_event_is_eventually_published	mutant_skip_lagging_receipt	accepted@086bfb5d6a240ccc7c4e5f3bbaae1e7ed9a4cea1
DR-PUBLISH-006	temporal	Publication receipts are monotone across every transition	publish_events_preserves_prior_receipts	ReceiptsOnlyGrow	not-applicable	oracle_receipts_monotone	prop_receipts_only_grow	mutant_delete_receipt_on_crash	accepted@086bfb5d6a240ccc7c4e5f3bbaae1e7ed9a4cea1
DR-CRASH-001	safety	A crash preserves the authoritative journal and durable publication receipts	crash_preserves_durable_journal; crash_preserves_sink_receipts	JournalOnlyGrows; ReceiptsOnlyGrow	not-applicable	oracle_crash_persistence	prop_crash_preserves_durable_state	mutant_erase_journal_on_crash	accepted@086bfb5d6a240ccc7c4e5f3bbaae1e7ed9a4cea1
DR-REPLAY-001	safety	A pre-journal in-flight task without a deterministic idempotent or transactional witness fails closed	unsafe_in_flight_task_is_rejected	UnsafeReplayFailsClosed	Q11_UNSAFE_PREJOURNAL_REPLAY_IS_REJECTED; Q12_UNSAFE_CRASH_HAS_FAIL_CLOSED_WITNESS	oracle_unsafe_replay_matrix	prop_unsafe_prejournal_replay_is_rejected	mutant_replay_arbitrary_effect	accepted@086bfb5d6a240ccc7c4e5f3bbaae1e7ed9a4cea1
DR-REPLAY-002	safety	A deterministic replay-safe in-flight task may resume from the same immutable plan	deterministic_in_flight_task_is_admissible	UnsafeReplayFailsClosed	not-applicable	oracle_safe_replay_admission	prop_replay_safe_task_is_admissible	mutant_reject_all_replay	accepted@086bfb5d6a240ccc7c4e5f3bbaae1e7ed9a4cea1
DR-RESUME-001	refinement	Resuming any valid committed prefix reconstructs the uninterrupted canonical journal	resume_reconstructs_uninterrupted_journal	CommittedJournalIsCanonical	Q13_RESUME_PREFIX_RECONSTRUCTS_SERIAL	oracle_all_journal_prefixes	prop_resumed_journal_equals_uninterrupted	mutant_resume_from_zero	accepted@086bfb5d6a240ccc7c4e5f3bbaae1e7ed9a4cea1
DR-RESUME-002	refinement	Resumed observable results equal the serial uninterrupted reference	resumed_observation_equals_serial	TerminalOutcomeIsExact; CompletionIsTotal	Q13_RESUME_PREFIX_RECONSTRUCTS_SERIAL	oracle_serial_resume_observation	prop_resumed_observation_equals_serial	mutant_duplicate_prefix_result	accepted@086bfb5d6a240ccc7c4e5f3bbaae1e7ed9a4cea1
DR-PARALLEL-001	refinement	Physical worker completion order is normalized before durable observation	normalize_complete_cover; physical_completion_order_is_unobservable	CommittedJournalIsCanonical	Q14_PARALLEL_COMPLETION_NORMALIZES_CANONICALLY	oracle_completion_permutations	prop_parallel_resume_equals_serial	mutant_journal_physical_completion_order	accepted@086bfb5d6a240ccc7c4e5f3bbaae1e7ed9a4cea1
DR-OUTCOME-001	safety	Failure incomplete cancellation resource limitation and success completion remain distinct terminal outcomes under deterministic cancellation-before-resource boundary priority	event_is_terminal	TerminalOutcomeIsExact; BoundaryPriorityIsDeterministic	Q15_FAILURE_HAS_EXACT_TERMINAL_PHASE; Q20_CANCELLATION_CANNOT_SELF_PROMOTE_TO_COMPLETION; Q21_INCOMPLETE_CANNOT_SELF_PROMOTE_TO_COMPLETION	oracle_terminal_outcome_partition	prop_terminal_outcomes_do_not_promote	mutant_incomplete_as_success	accepted@086bfb5d6a240ccc7c4e5f3bbaae1e7ed9a4cea1
DR-COMPLETE-001	safety	Completed means every task succeeded and a final completed event was durably published	completed_journal_is_total	CompletionIsTotal	Q15_FAILURE_HAS_EXACT_TERMINAL_PHASE	oracle_completion_totality	prop_completed_iff_all_tasks_succeeded	mutant_complete_early	accepted@086bfb5d6a240ccc7c4e5f3bbaae1e7ed9a4cea1
DR-CODEC-001	resource	Canonical plan event and checkpoint codecs reject every append exceeding declared byte or item limits	admissible_codec_append_preserves_limits	TypeOK	Q16_BOUNDED_CODEC_CANNOT_EXCEED_DECLARED_LIMIT	oracle_codec_boundary_sweep	prop_codec_never_exceeds_limits	mutant_allocate_before_limit_check	accepted@086bfb5d6a240ccc7c4e5f3bbaae1e7ed9a4cea1
DR-WORK-001	complexity	Validation publication and replay perform linear bounded work in keys tasks events and bytes	valid_machine_has_linear_work	not-applicable	not-applicable	oracle_operation_accounting	prop_durable_machine_work_is_linear	mutant_rescan_prefix_per_event	accepted@086bfb5d6a240ccc7c4e5f3bbaae1e7ed9a4cea1
DR-SPACE-001	complexity	Auxiliary durable-machine state is linear and all input-shaped state is heap resident	valid_machine_has_linear_heap	not-applicable	not-applicable	oracle_heap_accounting	prop_durable_machine_heap_is_linear	mutant_clone_journal_per_step	accepted@086bfb5d6a240ccc7c4e5f3bbaae1e7ed9a4cea1
DR-STACK-001	resource	Native call-stack depth is constant with respect to tasks dependencies journal events and encoded bytes	valid_machine_has_constant_native_stack	TypeOK	Q18_NATIVE_STACK_BOUND_IS_CONSTANT	oracle_explicit_pda_lifecycle	small_stack_durable_resume_lifecycle	mutant_recursive_replay	accepted@086bfb5d6a240ccc7c4e5f3bbaae1e7ed9a4cea1
DR-CURSOR-001	liveness	Each replay step strictly decreases a bounded remaining-event measure	replay_cursor_step_strictly_decreases; replay_cursor_is_bounded	EventuallyTerminal	Q17_REPLAY_CURSOR_STRICTLY_DECREASES	oracle_replay_cursor_measure	prop_replay_cursor_strictly_decreases	mutant_nonadvancing_replay_cursor	accepted@086bfb5d6a240ccc7c4e5f3bbaae1e7ed9a4cea1
DR-LIVE-001	liveness	Every fair validated finite protocol run reaches one typed terminal state	replay_cursor_step_strictly_decreases	EventuallyTerminal	not-applicable	oracle_finite_protocol_traces	prop_durable_protocol_eventually_terminates	mutant_recovery_livelock	accepted@086bfb5d6a240ccc7c4e5f3bbaae1e7ed9a4cea1
