id	kind	formal-source	formal-predicate	exhaustive-model-family	required-production-refinement	required-preimplementation-tests	acceptance-state
SCHED-TYPE-001	safety	DeterministicScheduler.tla	TypeOK	Dependencies;Effects;Resources;Outcomes	Scheduler inputs, phases, cursors, plans, and result stores use types that make invalid internal states unrepresentable	exhaustive_state_shapes; prop_internal_state_is_well_typed	accepted
SCHED-EMPTY-001	safety	DeterministicScheduler.tla	AcceptEmpty; EmptyCompletionIsImmediate	one exhaustive empty state machine	An empty input completes atomically with an empty plan, zero callbacks, and an empty committed observation	exhaustive_empty_schedule; prop_empty_schedule_is_identity	accepted
SCHED-INPUT-001	safety	DeterministicScheduler.tla	inputVars unchanged in every action	all four families	Schedule input is immutable after construction; execution owns or borrows a stable snapshot	prop_input_snapshot_never_changes; metamorphic_mutating_source_after_build_has_no_effect	accepted
SCHED-CYCLE-001	safety	DeterministicScheduler.tla	ValidationIsExact; RejectCycle	64 dependency relations	PlanBuilder::build rejects exactly cyclic dependency graphs before execution	exhaustive_all_small_dependency_relations; prop_cycle_iff_rejected	accepted
SCHED-RESOURCE-001	safety	DeterministicScheduler.tla	ValidationIsExact; RejectResources	27 cost maps	Resource admission rejects exactly tasks whose individual cost exceeds the budget, before execution	exhaustive_small_cost_maps; prop_exhausted_iff_any_cost_exceeds_budget	accepted
SCHED-REJECT-001	safety	DeterministicScheduler.tla	RejectCycle; RejectResources	Dependencies;Resources	Rejected inputs publish no plan, worker result, commit, or callback	exhaustive_rejection_is_atomic; prop_rejection_has_zero_observable_effects	accepted
SCHED-TOPO-001	functional	DeterministicScheduler.tla	CanonicalTopo; PlanIsCanonicalAndLawful	64 dependency relations	PlanBuilder uses stable task identifier as the unique tie breaker among ready tasks	exhaustive_canonical_topological_order; prop_ready_permutation_invariant	accepted
SCHED-PLAN-001	functional	DeterministicScheduler.tla	CanonicalPlan; PlanIsCanonicalAndLawful	Dependencies;Effects;Resources	PlanBuilder produces the unique deterministic first-fit plan for one immutable input	exhaustive_plan_matches_reference; prop_repeated_build_is_identical	accepted
SCHED-COVER-001	safety	DeterministicScheduler.tla	PlanWellFormed length and task-set clauses	all accepted inputs	Every accepted task occurs exactly once in the flattened plan	exhaustive_plan_exact_cover; prop_no_omission_or_duplication	accepted
SCHED-STABLE-001	safety	DeterministicScheduler.tla	StrictlyIncreasing in PlanWellFormed; StableBatchInsertionRegression	all accepted inputs plus the four-task late-low-ID counterexample	Every batch stores tasks in strictly increasing stable-identifier order by sorted insertion; first-fit assignment never relies on topological order being globally increasing	exhaustive_batch_order; regression_late_low_id_is_sorted_within_batch; prop_batch_ids_strictly_increase	accepted
SCHED-EFFECT-001	safety	DeterministicScheduler.tla	PairwiseIndependent; PlanWellFormed	256 effect assignments	No batch contains read/write or write/write conflicts	exhaustive_effect_kernel; prop_batch_members_are_pairwise_independent	accepted
SCHED-EFFECT-002	algebraic	SchedulerKernels.tla	EffectIndependenceKernelIsSymmetric	TLAPS universal theorem	Effect conflict checks are symmetric and share one implementation kernel	exhaustive_effect_symmetry; prop_independence_is_symmetric	accepted
SCHED-BUDGET-001	safety	DeterministicScheduler.tla	SequenceCost; PlanWellFormed	27 cost maps	The sum of costs in every batch is at most the configured budget	exhaustive_batch_costs; prop_batch_cost_never_exceeds_budget	accepted
SCHED-DEP-001	safety	DeterministicScheduler.tla	dependency clause in PlanWellFormed	64 dependency relations	Every predecessor is assigned to a strictly earlier batch	exhaustive_dependency_batches; prop_edge_implies_strict_batch_order	accepted
SCHED-WORKER-001	safety	DeterministicScheduler.tla	WorkerComplete; ResultsAreScoped	all four families	Executor accepts a completion only for an uncompleted member of the current batch	exhaustive_completion_domain; prop_foreign_duplicate_or_future_completion_rejected	accepted
SCHED-BARRIER-001	safety	DeterministicScheduler.tla	BeginCommit	all four families	Commit begins only after every task in the current batch has completed	exhaustive_commit_barrier; prop_partial_batch_cannot_commit	accepted
SCHED-RESULT-001	temporal	DeterministicScheduler.tla	ResultsOnlyGrow	all four families	Completed results are immutable and append-only until terminal cleanup	exhaustive_result_growth; prop_completed_result_set_is_monotone	accepted
SCHED-PLAN-002	temporal	DeterministicScheduler.tla	PlanIsImmutableAfterValidation	all four families	The accepted plan is immutable throughout execution	exhaustive_plan_immutability; prop_execution_never_mutates_plan	accepted
SCHED-COMMIT-001	safety	DeterministicScheduler.tla	OrderedCommit	all four families	Observable commits are always a prefix of the flattened canonical plan	exhaustive_completion_permutations; prop_commit_is_canonical_prefix	accepted
SCHED-COMMIT-002	safety	DeterministicScheduler.tla	CommitNext	all four families	Each transition publishes at most one next canonical result	exhaustive_single_step_commit; prop_commit_length_delta_is_zero_or_one	accepted
SCHED-DEP-002	safety	DeterministicScheduler.tla	NoDependencyViolation	Dependencies;Outcomes	Every committed task has all predecessors in the earlier committed prefix	exhaustive_committed_predecessors; prop_commit_respects_transitive_dependencies	accepted
SCHED-FAIL-001	safety	DeterministicScheduler.tla	FailurePropagationIsFailFast	108 outcome/cancellation inputs	The first canonical non-success is published; when it is a failure execution terminates as failed without later commits	exhaustive_outcomes_and_completion_orders; prop_first_failure_is_terminal	accepted
SCHED-INCOMPLETE-001	safety	DeterministicScheduler.tla	IncompletePropagationIsFailFast	108 outcome/cancellation inputs	The first canonical non-success is published; when it is incomplete execution returns its structured reason without later commits	exhaustive_incomplete_outcomes; prop_first_incomplete_is_terminal	accepted
SCHED-CANCEL-001	safety	DeterministicScheduler.tla	CancellationIsBoundaryExact	108 outcome/cancellation inputs	Cancellation request and acknowledgement occur at the exact configured canonical commit-count boundary before any later non-success	exhaustive_outcomes_cancel_boundaries; prop_cancel_never_splits_a_commit	accepted
SCHED-COMPLETE-001	safety	DeterministicScheduler.tla	CompletionIsTotal	108 outcome/cancellation inputs	Completed means every task was committed exactly once and every outcome succeeded	exhaustive_completion_outcomes; prop_completed_iff_all_tasks_successfully_committed	accepted
SCHED-EQUIV-001	refinement	DeterministicScheduler.tla	SerialParallelObservationalEquivalence	108 outcomes crossed with arbitrary worker completion traces	SerialExecutor and every parallel adapter expose the same phase and canonical committed prefix	exhaustive_parallel_completion_permutations; prop_parallel_observation_equals_serial	accepted
SCHED-LIVE-001	liveness	DeterministicScheduler.tla	EventuallyTerminal under WF_vars(Next)	all four families	A fair executor reaches exactly one terminal result; no accepted schedule livelocks	exhaustive_finite_trace_termination; prop_progress_measure_strictly_decreases	accepted
SCHED-STACK-001	resource-refinement	DeterministicScheduler.tla	specification recursion is denotational only	all four families and generated deep chains	All scheduler-controlled work uses iterative heap-resident machines; native stack use is independent of task/edge/batch count	small_stack_deep_chain; small_stack_wide_dag; prop_no_recursive_drop	accepted
SCHED-PDA-001	resource-refinement	DeterministicScheduler.tla	formal README refinement rule	future pushdown extensions	Any genuinely mutually recursive pushdown extension uses a specialized iterative PDA with explicit control states, value stack, and transition table	pda_reference_oracle; prop_pda_matches_recursive_denotation; small_stack_deep_nesting	accepted
SCHED-WORK-001	complexity-refinement	DeterministicScheduler.tla	CanonicalTopo; BuildPlan	parameterized generated DAGs	Canonical topology is O((V + E) log V) or better with stable ordering; execution is O(V + E); plan conflict indexing must document and enforce its proven bound	operation_count_topology; operation_count_execution; benchmark_scaling_slope	accepted
SCHED-SPACE-001	complexity-refinement	DeterministicScheduler.tla	finite state variables	parameterized generated DAGs	Auxiliary storage is O(V + E + R + P), excluding caller-owned values and outputs, with no hidden depth-dependent stack storage	prop_capacity_bounds; allocation_count_regression; small_stack_drop	accepted
SCHED-DROP-001	resource-refinement	DeterministicScheduler.tla	terminal state immutability	deep chains and cancellation/failure traces	Plan, result, and adapter destruction is iterative or uses containers whose destruction does not recurse over input depth	small_stack_deep_drop_after_success_failure_cancel	accepted
